ProviderID,MemberID,ServiceID,comment,servicedate
34,836,43500,Test comment 1,12/10/2024
21,2595,9275,Test comment 2,12/4/2024
67,3750,43999,Test comment 3,12/12/2024
68,3695,1033,Test comment 4,12/11/2024
42,3882,43320,Test comment 5,12/7/2024
42,2187,1033,Test comment 6,12/5/2024
71,9340,9276,Test comment 7,12/10/2024
73,2045,43620,Test comment 8,12/7/2024
27,5036,43880,Test comment 9,12/4/2024
26,2943,43620,Test comment 10,12/5/2024
40,1930,43631,Test comment 11,12/11/2024
25,3928,43500,Test comment 12,12/4/2024
13,3351,1035,Test comment 13,12/4/2024
61,6383,9165,Test comment 14,12/5/2024
2,3783,43605,Test comment 15,12/5/2024
34,4241,1320,Test comment 16,12/5/2024
30,9886,9165,Test comment 17,12/12/2024
52,2036,4004,Test comment 18,12/8/2024
6,6935,9474,Test comment 19,12/6/2024
72,4784,43631,Test comment 20,12/5/2024
4,7502,4000,Test comment 21,12/5/2024
12,4631,43840,Test comment 22,12/9/2024
59,8562,43870,Test comment 23,12/5/2024
36,279,43999,Test comment 24,12/9/2024
45,945,43880,Test comment 25,12/10/2024
52,7181,4017,Test comment 26,12/10/2024
28,3387,9276,Test comment 27,12/9/2024
11,1027,4017,Test comment 28,12/9/2024
49,6457,43999,Test comment 29,12/10/2024
49,8994,43610,Test comment 30,12/8/2024
37,8115,9470,Test comment 31,12/4/2024
44,3352,43840,Test comment 32,12/8/2024
77,8376,43320,Test comment 33,12/8/2024
49,9078,43880,Test comment 34,12/6/2024
79,734,4000,Test comment 35,12/11/2024
9,1159,43610,Test comment 36,12/8/2024
2,9990,43999,Test comment 37,12/4/2024
26,935,1320,Test comment 38,12/8/2024
21,1794,1320,Test comment 39,12/11/2024
47,3266,43840,Test comment 40,12/8/2024
56,7330,4004,Test comment 41,12/7/2024
2,4332,43659,Test comment 42,12/4/2024
48,5766,1035,Test comment 43,12/8/2024
24,1534,1316,Test comment 44,12/5/2024
57,7477,4000,Test comment 45,12/5/2024
51,3253,4017,Test comment 46,12/10/2024
42,7963,43870,Test comment 47,12/12/2024
51,4216,4004,Test comment 48,12/7/2024
39,7497,4017,Test comment 49,12/9/2024
69,6954,43610,Test comment 50,12/5/2024
40,6628,9276,Test comment 51,12/4/2024
33,7462,43610,Test comment 52,12/5/2024
63,6167,43860,Test comment 53,12/4/2024
82,2833,1316,Test comment 54,12/8/2024
55,312,4017,Test comment 55,12/8/2024
67,5449,43500,Test comment 56,12/6/2024
15,8279,43320,Test comment 57,12/7/2024
40,5600,43840,Test comment 58,12/12/2024
80,7884,1035,Test comment 59,12/10/2024
55,6211,43880,Test comment 60,12/6/2024
58,503,9276,Test comment 61,12/11/2024
67,7201,43870,Test comment 62,12/6/2024
55,2198,43659,Test comment 63,12/8/2024
11,5945,9470,Test comment 64,12/8/2024
55,8544,4017,Test comment 65,12/9/2024
18,5824,9276,Test comment 66,12/8/2024
48,8726,43999,Test comment 67,12/5/2024
71,9270,9165,Test comment 68,12/10/2024
33,7651,43320,Test comment 69,12/11/2024
70,404,4000,Test comment 70,12/5/2024
59,7354,43860,Test comment 71,12/4/2024
4,6743,43870,Test comment 72,12/10/2024
83,2378,43320,Test comment 73,12/9/2024
39,9079,43500,Test comment 74,12/9/2024
60,8877,9276,Test comment 75,12/11/2024
7,3778,43659,Test comment 76,12/12/2024
21,6979,43999,Test comment 77,12/6/2024
48,6207,9276,Test comment 78,12/6/2024
58,7766,1033,Test comment 79,12/4/2024
3,7055,9470,Test comment 80,12/7/2024
78,4807,43501,Test comment 81,12/8/2024
75,2752,1320,Test comment 82,12/12/2024
73,9272,4001,Test comment 83,12/5/2024
73,5476,43631,Test comment 84,12/6/2024
9,3627,43659,Test comment 85,12/11/2024
68,9138,43501,Test comment 86,12/9/2024
78,2044,43610,Test comment 87,12/6/2024
66,2789,43620,Test comment 88,12/11/2024
76,3919,43501,Test comment 89,12/7/2024
34,7958,43500,Test comment 90,12/4/2024
14,7084,43999,Test comment 91,12/10/2024
47,8088,9165,Test comment 92,12/10/2024
64,8912,43860,Test comment 93,12/4/2024
34,6366,43620,Test comment 94,12/6/2024
42,115,43860,Test comment 95,12/12/2024
53,8622,9165,Test comment 96,12/7/2024
75,8340,43501,Test comment 97,12/11/2024
40,4385,43999,Test comment 98,12/6/2024
36,7159,43880,Test comment 99,12/11/2024
77,6499,43500,Test comment 100,12/11/2024
20,2741,1033,Test comment 101,12/10/2024
47,5935,43880,Test comment 102,12/5/2024
56,2553,4001,Test comment 103,12/5/2024
22,7263,43659,Test comment 104,12/6/2024
27,1496,1035,Test comment 105,12/10/2024
59,3917,1316,Test comment 106,12/10/2024
77,4444,1320,Test comment 107,12/10/2024
84,3618,4001,Test comment 108,12/5/2024
19,5714,43501,Test comment 109,12/11/2024
68,9355,9275,Test comment 110,12/7/2024
7,5365,43999,Test comment 111,12/8/2024
86,2012,9276,Test comment 112,12/11/2024
54,6624,43999,Test comment 113,12/12/2024
47,7317,4004,Test comment 114,12/7/2024
21,4458,1033,Test comment 115,12/8/2024
30,3309,1033,Test comment 116,12/10/2024
34,1145,4000,Test comment 117,12/11/2024
44,9059,43501,Test comment 118,12/5/2024
56,3548,9276,Test comment 119,12/12/2024
78,1278,4001,Test comment 120,12/8/2024
2,8968,1033,Test comment 121,12/9/2024
75,717,9275,Test comment 122,12/12/2024
11,1402,4004,Test comment 123,12/4/2024
76,4277,9474,Test comment 124,12/10/2024
16,9670,43840,Test comment 125,12/11/2024
85,3733,43605,Test comment 126,12/9/2024
38,9255,43501,Test comment 127,12/4/2024
70,6176,1035,Test comment 128,12/9/2024
64,4102,43501,Test comment 129,12/4/2024
19,1162,43325,Test comment 130,12/10/2024
17,5949,43325,Test comment 131,12/10/2024
15,2278,9474,Test comment 132,12/4/2024
68,1652,43840,Test comment 133,12/8/2024
76,7031,4004,Test comment 134,12/8/2024
66,2872,1035,Test comment 135,12/6/2024
73,4830,43320,Test comment 136,12/5/2024
76,3828,43320,Test comment 137,12/11/2024
36,2995,1034,Test comment 138,12/7/2024
75,7317,43320,Test comment 139,12/11/2024
56,550,43605,Test comment 140,12/4/2024
84,5058,4000,Test comment 141,12/11/2024
83,7678,43880,Test comment 142,12/7/2024
58,7832,9470,Test comment 143,12/11/2024
23,9525,43500,Test comment 144,12/7/2024
35,3603,4001,Test comment 145,12/4/2024
64,9307,43320,Test comment 146,12/6/2024
70,6662,64755,Test comment 147,12/9/2024
61,845,43631,Test comment 148,12/11/2024
17,9042,4017,Test comment 149,12/4/2024
23,1472,43320,Test comment 150,12/7/2024
14,2497,1033,Test comment 151,12/9/2024
24,5336,43999,Test comment 152,12/7/2024
2,7928,4004,Test comment 153,12/7/2024
63,5240,43840,Test comment 154,12/7/2024
10,1388,43501,Test comment 155,12/4/2024
43,9938,1320,Test comment 156,12/11/2024
8,5880,64755,Test comment 157,12/9/2024
18,8184,4000,Test comment 158,12/12/2024
80,4905,43840,Test comment 159,12/6/2024
42,1367,43610,Test comment 160,12/5/2024
9,2649,4001,Test comment 161,12/12/2024
40,2375,9470,Test comment 162,12/10/2024
54,2426,9275,Test comment 163,12/4/2024
21,9006,4001,Test comment 164,12/11/2024
22,6495,43320,Test comment 165,12/11/2024
17,8887,4004,Test comment 166,12/10/2024
53,8730,43320,Test comment 167,12/10/2024
16,8231,1316,Test comment 168,12/8/2024
61,5613,43325,Test comment 169,12/4/2024
64,5979,4004,Test comment 170,12/6/2024
73,9070,9275,Test comment 171,12/10/2024
21,5744,43320,Test comment 172,12/10/2024
1,7240,1033,Test comment 173,12/5/2024
65,1689,1316,Test comment 174,12/5/2024
56,1255,43320,Test comment 175,12/7/2024
26,7914,43325,Test comment 176,12/7/2024
39,9637,9474,Test comment 177,12/9/2024
61,9370,4017,Test comment 178,12/5/2024
34,8421,9165,Test comment 179,12/9/2024
65,1624,43500,Test comment 180,12/7/2024
37,8151,43500,Test comment 181,12/5/2024
25,6401,9470,Test comment 182,12/7/2024
29,6680,9165,Test comment 183,12/5/2024
85,4637,1034,Test comment 184,12/9/2024
65,4216,9276,Test comment 185,12/10/2024
56,2144,43610,Test comment 186,12/10/2024
4,9023,43501,Test comment 187,12/7/2024
55,9155,9276,Test comment 188,12/4/2024
83,5350,4017,Test comment 189,12/4/2024
83,1152,64755,Test comment 190,12/8/2024
55,604,43501,Test comment 191,12/12/2024
15,7867,64755,Test comment 192,12/7/2024
60,4921,43501,Test comment 193,12/10/2024
5,1532,43860,Test comment 194,12/12/2024
57,753,43880,Test comment 195,12/9/2024
30,6552,1316,Test comment 196,12/4/2024
25,2811,43870,Test comment 197,12/6/2024
28,6428,43320,Test comment 198,12/8/2024
75,3974,43500,Test comment 199,12/11/2024
32,1103,43500,Test comment 200,12/4/2024
55,1951,9474,Test comment 201,12/9/2024
28,8646,1035,Test comment 202,12/8/2024
50,5545,43999,Test comment 203,12/12/2024
52,9666,43880,Test comment 204,12/12/2024
26,1168,43501,Test comment 205,12/6/2024
53,4585,4001,Test comment 206,12/11/2024
31,7341,43659,Test comment 207,12/7/2024
62,2563,1316,Test comment 208,12/9/2024
15,1753,1034,Test comment 209,12/6/2024
40,3869,9470,Test comment 210,12/5/2024
35,6010,43620,Test comment 211,12/4/2024
82,3592,4000,Test comment 212,12/4/2024
39,3768,9474,Test comment 213,12/4/2024
81,5303,1316,Test comment 214,12/10/2024
43,8741,43501,Test comment 215,12/11/2024
3,6418,43659,Test comment 216,12/8/2024
8,8181,43999,Test comment 217,12/7/2024
73,8139,43500,Test comment 218,12/8/2024
9,1525,4000,Test comment 219,12/5/2024
79,8808,43320,Test comment 220,12/8/2024
60,2669,9470,Test comment 221,12/12/2024
64,20,1033,Test comment 222,12/9/2024
9,1009,43610,Test comment 223,12/7/2024
22,5696,1033,Test comment 224,12/7/2024
48,2127,4001,Test comment 225,12/4/2024
70,9403,64755,Test comment 226,12/7/2024
81,3857,9276,Test comment 227,12/6/2024
55,9254,43620,Test comment 228,12/11/2024
71,9767,4017,Test comment 229,12/11/2024
20,839,43631,Test comment 230,12/4/2024
63,6854,1034,Test comment 231,12/12/2024
63,491,4004,Test comment 232,12/6/2024
45,1071,43999,Test comment 233,12/6/2024
58,5979,43320,Test comment 234,12/8/2024
58,6903,9470,Test comment 235,12/6/2024
78,2207,1034,Test comment 236,12/6/2024
83,757,43320,Test comment 237,12/11/2024
62,1917,9276,Test comment 238,12/7/2024
38,2537,64755,Test comment 239,12/7/2024
85,7611,4017,Test comment 240,12/11/2024
11,2498,1316,Test comment 241,12/12/2024
34,1099,43500,Test comment 242,12/6/2024
77,7610,43659,Test comment 243,12/7/2024
22,2356,1033,Test comment 244,12/6/2024
46,2110,4004,Test comment 245,12/6/2024
1,3848,4017,Test comment 246,12/12/2024
29,3418,43870,Test comment 247,12/12/2024
17,301,9165,Test comment 248,12/6/2024
64,7623,4017,Test comment 249,12/12/2024
2,5379,64755,Test comment 250,12/7/2024
55,7637,43860,Test comment 251,12/11/2024
42,4953,64755,Test comment 252,12/10/2024
70,3791,43320,Test comment 253,12/8/2024
19,4037,4004,Test comment 254,12/10/2024
42,7253,9275,Test comment 255,12/10/2024
23,9162,1034,Test comment 256,12/6/2024
56,4380,43610,Test comment 257,12/10/2024
62,6489,4001,Test comment 258,12/10/2024
45,7845,1033,Test comment 259,12/5/2024
56,5423,1034,Test comment 260,12/4/2024
11,2872,43999,Test comment 261,12/11/2024
80,8595,43840,Test comment 262,12/4/2024
39,3525,9474,Test comment 263,12/7/2024
31,7919,43500,Test comment 264,12/9/2024
59,1098,43610,Test comment 265,12/9/2024
67,7761,43501,Test comment 266,12/10/2024
5,175,1033,Test comment 267,12/10/2024
31,5306,1033,Test comment 268,12/10/2024